Rep,SampID,replicate,Batch,SizeFrac,Compound,Area,min.area.flag,blk.ratio.flag,smp.remove
170706_Smp_S3E15D15_A,S3E15D15,A,G2,full,Glycine betaine,5976833536,NA,NA,NA
170706_Smp_S3E15D15_A,S3E15D15,A,G2,full,Dimethylsulfonioacetate,400646144,NA,NA,NA
170706_Smp_S3E15D15_A,S3E15D15,A,G2,full,beta-Alaninebetaine,929795712,NA,NA,NA
170706_Smp_S3E15D15_A,S3E15D15,A,G2,full,Dimethylsulfoniopropionate,6092083712,NA,NA,NA
170706_Smp_S3E15D15_A,S3E15D15,A,G2,full,Homarine,371331488,NA,NA,NA
170706_Smp_S3E15D15_A,S3E15D15,A,G2,full,Trigonelline,389005504,NA,NA,NA
170706_Smp_S3E15D15_A,S3E15D15,A,G2,full,Proline betaine,173402464,NA,NA,NA
170706_Smp_S3E15D15_A,S3E15D15,A,G2,full,Betonicine,171291440,NA,NA,NA
170706_Smp_S3E15D15_A,S3E15D15,A,G2,full,Gonyol,137496304,NA,NA,NA
170706_Smp_S3E15D15_B,S3E15D15,B,G2,full,Glycine betaine,2963163648,NA,NA,NA
170706_Smp_S3E15D15_B,S3E15D15,B,G2,full,Dimethylsulfonioacetate,172560048,NA,NA,NA
170706_Smp_S3E15D15_B,S3E15D15,B,G2,full,beta-Alaninebetaine,436872544,NA,NA,NA
170706_Smp_S3E15D15_B,S3E15D15,B,G2,full,Dimethylsulfoniopropionate,1618461568,NA,NA,NA
170706_Smp_S3E15D15_B,S3E15D15,B,G2,full,Homarine,204781104,NA,NA,NA
170706_Smp_S3E15D15_B,S3E15D15,B,G2,full,Trigonelline,206641280,NA,NA,NA
170706_Smp_S3E15D15_B,S3E15D15,B,G2,full,Proline betaine,91007920,NA,NA,NA
170706_Smp_S3E15D15_B,S3E15D15,B,G2,full,Betonicine,74463592,NA,NA,NA
170706_Smp_S3E15D15_B,S3E15D15,B,G2,full,Gonyol,83082968,NA,NA,NA
170706_Smp_S3E15D15_C,S3E15D15,C,G2,full,Glycine betaine,4443326464,NA,NA,NA
170706_Smp_S3E15D15_C,S3E15D15,C,G2,full,Dimethylsulfonioacetate,194551424,NA,NA,NA
170706_Smp_S3E15D15_C,S3E15D15,C,G2,full,beta-Alaninebetaine,710387712,NA,NA,NA
170706_Smp_S3E15D15_C,S3E15D15,C,G2,full,Dimethylsulfoniopropionate,2136444672,NA,NA,NA
170706_Smp_S3E15D15_C,S3E15D15,C,G2,full,Homarine,331482944,NA,NA,NA
170706_Smp_S3E15D15_C,S3E15D15,C,G2,full,Trigonelline,291213984,NA,NA,NA
170706_Smp_S3E15D15_C,S3E15D15,C,G2,full,Proline betaine,138514880,NA,NA,NA
170706_Smp_S3E15D15_C,S3E15D15,C,G2,full,Betonicine,110242696,NA,NA,NA
170706_Smp_S3E15D15_C,S3E15D15,C,G2,full,Gonyol,71758576,NA,NA,NA
170706_Smp_S3E15E15_Ds,S3E15E15,Ds,G2,small,Glycine betaine,1173682560,NA,NA,NA
170706_Smp_S3E15E15_Ds,S3E15E15,Ds,G2,small,Dimethylsulfonioacetate,40224580,NA,NA,NA
170706_Smp_S3E15E15_Ds,S3E15E15,Ds,G2,small,beta-Alaninebetaine,224022864,NA,NA,NA
170706_Smp_S3E15E15_Ds,S3E15E15,Ds,G2,small,Dimethylsulfoniopropionate,248294640,NA,NA,NA
170706_Smp_S3E15E15_Ds,S3E15E15,Ds,G2,small,Homarine,39996116,NA,NA,NA
170706_Smp_S3E15E15_Ds,S3E15E15,Ds,G2,small,Trigonelline,135421712,NA,NA,NA
170706_Smp_S3E15E15_Ds,S3E15E15,Ds,G2,small,Proline betaine,69553696,NA,NA,NA
170706_Smp_S3E15E15_Ds,S3E15E15,Ds,G2,small,Betonicine,47497088,NA,NA,NA
170706_Smp_S3E15E15_Ds,S3E15E15,Ds,G2,small,Gonyol,10959135,NA,NA,NA
170706_Smp_S4E16D15_A,S4E16D15,A,G2,full,Glycine betaine,3383257088,NA,NA,NA
170706_Smp_S4E16D15_A,S4E16D15,A,G2,full,Dimethylsulfonioacetate,362665184,NA,NA,NA
170706_Smp_S4E16D15_A,S4E16D15,A,G2,full,beta-Alaninebetaine,511809536,NA,NA,NA
170706_Smp_S4E16D15_A,S4E16D15,A,G2,full,Dimethylsulfoniopropionate,2391332864,NA,NA,NA
170706_Smp_S4E16D15_A,S4E16D15,A,G2,full,Homarine,195792528,NA,NA,NA
170706_Smp_S4E16D15_A,S4E16D15,A,G2,full,Trigonelline,272609056,NA,NA,NA
170706_Smp_S4E16D15_A,S4E16D15,A,G2,full,Proline betaine,86635472,NA,NA,NA
170706_Smp_S4E16D15_A,S4E16D15,A,G2,full,Betonicine,70887432,NA,NA,NA
170706_Smp_S4E16D15_A,S4E16D15,A,G2,full,Gonyol,175234080,NA,NA,NA
170706_Smp_S4E16D15_B,S4E16D15,B,G2,full,Glycine betaine,4912871936,NA,NA,NA
170706_Smp_S4E16D15_B,S4E16D15,B,G2,full,Dimethylsulfonioacetate,397805952,NA,NA,NA
170706_Smp_S4E16D15_B,S4E16D15,B,G2,full,beta-Alaninebetaine,681223808,NA,NA,NA
170706_Smp_S4E16D15_B,S4E16D15,B,G2,full,Dimethylsulfoniopropionate,2921244672,NA,NA,NA
170706_Smp_S4E16D15_B,S4E16D15,B,G2,full,Homarine,292277408,NA,NA,NA
170706_Smp_S4E16D15_B,S4E16D15,B,G2,full,Trigonelline,392017408,NA,NA,NA
170706_Smp_S4E16D15_B,S4E16D15,B,G2,full,Proline betaine,125442864,NA,NA,NA
170706_Smp_S4E16D15_B,S4E16D15,B,G2,full,Betonicine,98067120,NA,NA,NA
170706_Smp_S4E16D15_B,S4E16D15,B,G2,full,Gonyol,129693040,NA,NA,NA
170706_Smp_S4E16D15_C,S4E16D15,C,G2,full,Glycine betaine,3331328768,NA,NA,NA
170706_Smp_S4E16D15_C,S4E16D15,C,G2,full,Dimethylsulfonioacetate,300015488,NA,NA,NA
170706_Smp_S4E16D15_C,S4E16D15,C,G2,full,beta-Alaninebetaine,529860320,NA,NA,NA
170706_Smp_S4E16D15_C,S4E16D15,C,G2,full,Dimethylsulfoniopropionate,1390913920,NA,NA,NA
170706_Smp_S4E16D15_C,S4E16D15,C,G2,full,Homarine,235700096,NA,NA,NA
170706_Smp_S4E16D15_C,S4E16D15,C,G2,full,Trigonelline,311455296,NA,NA,NA
170706_Smp_S4E16D15_C,S4E16D15,C,G2,full,Proline betaine,85557664,NA,NA,NA
170706_Smp_S4E16D15_C,S4E16D15,C,G2,full,Betonicine,63455768,NA,NA,NA
170706_Smp_S4E16D15_C,S4E16D15,C,G2,full,Gonyol,232740480,NA,NA,NA
170706_Smp_S4E16D15_Ds,S4E16D15,Ds,G2,small,Glycine betaine,1590644096,NA,NA,NA
170706_Smp_S4E16D15_Ds,S4E16D15,Ds,G2,small,Dimethylsulfonioacetate,119729800,NA,NA,NA
170706_Smp_S4E16D15_Ds,S4E16D15,Ds,G2,small,beta-Alaninebetaine,256901616,NA,NA,NA
170706_Smp_S4E16D15_Ds,S4E16D15,Ds,G2,small,Dimethylsulfoniopropionate,309409408,NA,NA,NA
170706_Smp_S4E16D15_Ds,S4E16D15,Ds,G2,small,Homarine,78005288,NA,NA,NA
170706_Smp_S4E16D15_Ds,S4E16D15,Ds,G2,small,Trigonelline,149210976,NA,NA,NA
170706_Smp_S4E16D15_Ds,S4E16D15,Ds,G2,small,Proline betaine,67325208,NA,NA,NA
170706_Smp_S4E16D15_Ds,S4E16D15,Ds,G2,small,Betonicine,43659876,NA,NA,NA
170706_Smp_S4E16D15_Ds,S4E16D15,Ds,G2,small,Gonyol,20766706,NA,NA,NA
170706_Smp_S5E28D15_A,S5E28D15,A,G2,full,Glycine betaine,4862282240,NA,NA,NA
170706_Smp_S5E28D15_A,S5E28D15,A,G2,full,Dimethylsulfonioacetate,300604736,NA,NA,NA
170706_Smp_S5E28D15_A,S5E28D15,A,G2,full,beta-Alaninebetaine,440050976,NA,NA,NA
170706_Smp_S5E28D15_A,S5E28D15,A,G2,full,Dimethylsulfoniopropionate,444711872,NA,NA,NA
170706_Smp_S5E28D15_A,S5E28D15,A,G2,full,Homarine,4249678592,NA,NA,NA
170706_Smp_S5E28D15_A,S5E28D15,A,G2,full,Trigonelline,247321872,NA,NA,NA
170706_Smp_S5E28D15_A,S5E28D15,A,G2,full,Proline betaine,49461360,NA,NA,NA
170706_Smp_S5E28D15_A,S5E28D15,A,G2,full,Betonicine,33839720,NA,NA,NA
170706_Smp_S5E28D15_A,S5E28D15,A,G2,full,Gonyol,52226628,NA,NA,NA
170706_Smp_S5E28D15_B,S5E28D15,B,G2,full,Glycine betaine,4992046080,NA,NA,NA
170706_Smp_S5E28D15_B,S5E28D15,B,G2,full,Dimethylsulfonioacetate,323354592,NA,NA,NA
170706_Smp_S5E28D15_B,S5E28D15,B,G2,full,beta-Alaninebetaine,438656000,NA,NA,NA
170706_Smp_S5E28D15_B,S5E28D15,B,G2,full,Dimethylsulfoniopropionate,897636544,NA,NA,NA
170706_Smp_S5E28D15_B,S5E28D15,B,G2,full,Homarine,4340447232,NA,NA,NA
170706_Smp_S5E28D15_B,S5E28D15,B,G2,full,Trigonelline,292564640,NA,NA,NA
170706_Smp_S5E28D15_B,S5E28D15,B,G2,full,Proline betaine,50812960,NA,NA,NA
170706_Smp_S5E28D15_B,S5E28D15,B,G2,full,Betonicine,34398288,NA,NA,NA
170706_Smp_S5E28D15_B,S5E28D15,B,G2,full,Gonyol,51777760,NA,NA,NA
170706_Smp_S5E28D15_C,S5E28D15,C,G2,full,Glycine betaine,6771496448,NA,NA,NA
170706_Smp_S5E28D15_C,S5E28D15,C,G2,full,Dimethylsulfonioacetate,592447680,NA,NA,NA
170706_Smp_S5E28D15_C,S5E28D15,C,G2,full,beta-Alaninebetaine,573090752,NA,NA,NA
170706_Smp_S5E28D15_C,S5E28D15,C,G2,full,Dimethylsulfoniopropionate,196958096,NA,NA,NA
170706_Smp_S5E28D15_C,S5E28D15,C,G2,full,Homarine,5306433024,NA,NA,NA
170706_Smp_S5E28D15_C,S5E28D15,C,G2,full,Trigonelline,403700736,NA,NA,NA
170706_Smp_S5E28D15_C,S5E28D15,C,G2,full,Proline betaine,65511868,NA,NA,NA
170706_Smp_S5E28D15_C,S5E28D15,C,G2,full,Betonicine,40962976,NA,NA,NA
170706_Smp_S5E28D15_C,S5E28D15,C,G2,full,Gonyol,130177408,NA,NA,NA
170706_Smp_S5E28D15_Ds,S5E28D15,Ds,G2,small,Glycine betaine,3264485376,NA,NA,NA
170706_Smp_S5E28D15_Ds,S5E28D15,Ds,G2,small,Dimethylsulfonioacetate,53149412,NA,NA,NA
170706_Smp_S5E28D15_Ds,S5E28D15,Ds,G2,small,beta-Alaninebetaine,297067904,NA,NA,NA
170706_Smp_S5E28D15_Ds,S5E28D15,Ds,G2,small,Dimethylsulfoniopropionate,9715390.75,NA,Flag,Smp_Remove
170706_Smp_S5E28D15_Ds,S5E28D15,Ds,G2,small,Homarine,3807047680,NA,NA,NA
170706_Smp_S5E28D15_Ds,S5E28D15,Ds,G2,small,Trigonelline,74170472,NA,NA,NA
170706_Smp_S5E28D15_Ds,S5E28D15,Ds,G2,small,Proline betaine,42828636,NA,NA,NA
170706_Smp_S5E28D15_Ds,S5E28D15,Ds,G2,small,Betonicine,22964980,NA,NA,NA
170706_Smp_S5E28D15_Ds,S5E28D15,Ds,G2,small,Gonyol,7427013,NA,NA,NA
170706_Smp_S6E37D15_A,S6E37D15,A,G2,full,Glycine betaine,28161409024,NA,NA,NA
170706_Smp_S6E37D15_A,S6E37D15,A,G2,full,Dimethylsulfonioacetate,4700138496,NA,NA,NA
170706_Smp_S6E37D15_A,S6E37D15,A,G2,full,beta-Alaninebetaine,13495821312,NA,NA,NA
170706_Smp_S6E37D15_A,S6E37D15,A,G2,full,Dimethylsulfoniopropionate,16582791168,NA,NA,NA
170706_Smp_S6E37D15_A,S6E37D15,A,G2,full,Homarine,7932341760,NA,NA,NA
170706_Smp_S6E37D15_A,S6E37D15,A,G2,full,Trigonelline,5067076096,NA,NA,NA
170706_Smp_S6E37D15_A,S6E37D15,A,G2,full,Proline betaine,538851200,NA,NA,NA
170706_Smp_S6E37D15_A,S6E37D15,A,G2,full,Betonicine,641761344,NA,NA,NA
170706_Smp_S6E37D15_A,S6E37D15,A,G2,full,Gonyol,985973888,NA,NA,NA
170706_Smp_S6E37D15_B,S6E37D15,B,G2,full,Glycine betaine,24288196608,NA,NA,NA
170706_Smp_S6E37D15_B,S6E37D15,B,G2,full,Dimethylsulfonioacetate,2752750080,NA,NA,NA
170706_Smp_S6E37D15_B,S6E37D15,B,G2,full,beta-Alaninebetaine,10232329216,NA,NA,NA
170706_Smp_S6E37D15_B,S6E37D15,B,G2,full,Dimethylsulfoniopropionate,9886022656,NA,NA,NA
170706_Smp_S6E37D15_B,S6E37D15,B,G2,full,Homarine,5852804096,NA,NA,NA
170706_Smp_S6E37D15_B,S6E37D15,B,G2,full,Trigonelline,3722513920,NA,NA,NA
170706_Smp_S6E37D15_B,S6E37D15,B,G2,full,Proline betaine,393226048,NA,NA,NA
170706_Smp_S6E37D15_B,S6E37D15,B,G2,full,Betonicine,414218720,NA,NA,NA
170706_Smp_S6E37D15_B,S6E37D15,B,G2,full,Gonyol,1312005504,NA,NA,NA
170706_Smp_S6E37D15_C,S6E37D15,C,G2,full,Glycine betaine,23725473792,NA,NA,NA
170706_Smp_S6E37D15_C,S6E37D15,C,G2,full,Dimethylsulfonioacetate,1904136192,NA,NA,NA
170706_Smp_S6E37D15_C,S6E37D15,C,G2,full,beta-Alaninebetaine,9242299392,NA,NA,NA
170706_Smp_S6E37D15_C,S6E37D15,C,G2,full,Dimethylsulfoniopropionate,3538414848,NA,NA,NA
170706_Smp_S6E37D15_C,S6E37D15,C,G2,full,Homarine,5058710016,NA,NA,NA
170706_Smp_S6E37D15_C,S6E37D15,C,G2,full,Trigonelline,3427937280,NA,NA,NA
170706_Smp_S6E37D15_C,S6E37D15,C,G2,full,Proline betaine,349627616,NA,NA,NA
170706_Smp_S6E37D15_C,S6E37D15,C,G2,full,Betonicine,343862400,NA,NA,NA
170706_Smp_S6E37D15_C,S6E37D15,C,G2,full,Gonyol,1429886720,NA,NA,NA
170706_Smp_S6E37D15_Ds,S6E37D15,Ds,G2,small,Glycine betaine,5343512576,NA,NA,NA
170706_Smp_S6E37D15_Ds,S6E37D15,Ds,G2,small,Dimethylsulfonioacetate,411832096,NA,NA,NA
170706_Smp_S6E37D15_Ds,S6E37D15,Ds,G2,small,beta-Alaninebetaine,2538446080,NA,NA,NA
170706_Smp_S6E37D15_Ds,S6E37D15,Ds,G2,small,Dimethylsulfoniopropionate,231296416,NA,NA,NA
170706_Smp_S6E37D15_Ds,S6E37D15,Ds,G2,small,Homarine,1304066432,NA,NA,NA
170706_Smp_S6E37D15_Ds,S6E37D15,Ds,G2,small,Trigonelline,262425376,NA,NA,NA
170706_Smp_S6E37D15_Ds,S6E37D15,Ds,G2,small,Proline betaine,130811848,NA,NA,NA
170706_Smp_S6E37D15_Ds,S6E37D15,Ds,G2,small,Betonicine,181767280,NA,NA,NA
170706_Smp_S6E37D15_Ds,S6E37D15,Ds,G2,small,Gonyol,40312904,NA,NA,NA
